[
    {  "name": "เนื้อวัว", "Value": null, "unit": "กรัม" },
    {  "name": "เนื้อหมู", "Value": null, "unit": "กรัม" },
    {  "name": "เนื้อไก่", "Value": null, "unit": "กรัม" },
    {  "name": "เนื้อเป็ด", "Value": null, "unit": "กรัม" },
    {  "name": "เนื้อปลา", "Value": null, "unit": "กรัม" },
    {  "name": "กุ้ง", "Value": null, "unit": "กรัม" },
    {  "name": "หมึก", "Value": null, "unit": "กรัม" },
    {  "name": "ปู", "Value": null, "unit": "กรัม" },
    {  "name": "หอยแมลงภู่", "Value": null, "unit": "กรัม" },
    {  "name": "ไข่ไก่", "Value": null, "unit": "ฟอง" },
    { "name": "ผักกาดขาว", "Value": null, "unit": "กรัม" },
    { "name": "ผักคะน้า", "Value": null, "unit": "กรัม" },
    { "name": "ผักบุ้ง", "Value": null, "unit": "กรัม" },
    { "name": "แครอท", "Value": null, "unit": "กรัม" },
    { "name": "บล็อคโคลี่", "Value": null, "unit": "กรัม" },
    { "name": "กะหล่ำปลี", "Value": null, "unit": "กรัม" },
    { "name": "มะเขือเทศ", "Value": null, "unit": "กรัม" },
    { "name": "แตงกวา", "Value": null, "unit": "กรัม" },
    { "name": "ถั่วฝักยาว", "Value": null, "unit": "กรัม" },
    { "name": "พริกหวาน", "Value": null, "unit": "กรัม" },
    { "name": "หน่อไม้ฝรั่ง", "Value": null, "unit": "กรัม" },
    { "name": "ฟักทอง", "Value": null, "unit": "กรัม" },
    { "name": "หัวหอมใหญ่", "Value": null, "unit": "กรัม" },
    { "name": "กระเทียม", "Value": null, "unit": "กรัม" },
    { "name": "ข้าวโพดหวาน", "Value": null, "unit": "กรัม" },
    { "name": "มันฝรั่ง", "Value": null, "unit": "กรัม" },
    { "name": "มันเทศ", "Value": null, "unit": "กรัม" },
    { "name": "เห็ดหอม", "Value": null, "unit": "กรัม" },
    { "name": "เห็ดฟาง", "Value": null, "unit": "กรัม" },
    { "name": "เห็ดเข็มทอง", "Value": null, "unit": "กรัม" },
    { "name": "ข้าวสาร", "Value": null, "unit": "กรัม" },
    { "name": "ข้าวเหนียว", "Value": null, "unit": "กรัม" },
    { "name": "ขนมปัง", "Value": null, "unit": "แผ่น" },
    { "name": "เส้นหมี่", "Value": null, "unit": "กรัม" },
    { "name": "เส้นเล็ก", "Value": null, "unit": "กรัม" },
    { "name": "เส้นใหญ่", "Value": null, "unit": "กรัม" },
    { "name": "เต้าหู้", "Value": null, "unit": "กรัม" },
    { "name": "เผือก", "Value": null, "unit": "กรัม" },
    { "name": "ถั่วลิสง", "Value": null, "unit": "กรัม" },
    { "name": "เม็ดมะม่วงหิมพานต์", "Value": null, "unit": "กรัม" }
]